Index,Country,Capital,Continent,Population (2020),Bordering Countries,States/Provinces,Language (Most widely spoken),Type of Government,Currency,Most Visited Place,Link to image of site,Main Export,
1,Afghanistan,Kabul,Asia,38.9 million,,,Pashto; Dari,Islamic Republic,Afghan Afghani,Herat Citadel,https://dynamic-media-cdn.tripadvisor.com/media/photo-o/17/08/0b/61/citadel-of-herat-herat.jpg?w=1200&h=-1&s=1,Gold,
2,Albania,Tirana,Europe,2.8 million,,,Albanian,Parliamentary Republic,Albanian lek,The Blue Sky,https://encrypted-tbn2.gstatic.com/licensed-image?q=tbn:ANd9GcSNpt8sUUSpUJibdO-WAqZYE-3cpFHGVH0u0k6C4eLW55o4I6zOqWqpuBkEkYSaQM1O5-6Xd0x8egQMrhnCXNQ5zQ,Footwear Parts,
3,Algeria,Algiers,Africa,43.9 million,,,Algerian Arabic; Algerian Berber,Presidential System,Algerian dinar,Monument of the Martyr,https://encrypted-tbn3.gstatic.com/images?q=tbn:ANd9GcRqEBeXxTYZJhKjkvZuZL2QWcditmfwzEhpuzUzMPE7siJOFPEPhrqTgqT9ZmWf44-ZdEtOh_LDIkghswXc8sAdww,Petroleum Gas,
4,Andorra,Andorra la Vella,Europe,77265,,,Catalan,Parliamentary System,Euro,Mirador Roc Del Quer,https://encrypted-tbn3.gstatic.com/licensed-image?q=tbn:ANd9GcQf6xe-Cv-J8b6WbfiddCQXeBENz9wyfL_MGQMylLsplcC425YIJkcJfNogOryyl4GWtJtKVvv5lbKrNMuJOWbQJA,Furniture,
5,Angola,Luanda,Africa,32.9 million,,,Portuguese ,Presidential Republic,Angolan kwanza,Fortress São Miguel,https://encrypted-tbn0.gstatic.com/licensed-image?q=tbn:ANd9GcRUCulxIT6zhABXUuTW77S3ruF3qQv_KbkGhKUrZORU4TDZ1p2oShUaFkaYyYCMvIdQ7ycTbZcA71zZnFD-ZKjs5w,Crude Petroleum,
6,Antigua and Barbuda,Saint John’s,North America,97928,,,English,Constitutional Monarchy,Eastern Caribbean Dollar,Shirley Heights Lookout,https://encrypted-tbn3.gstatic.com/licensed-image?q=tbn:ANd9GcRMqryPd_ou_dBeDTFRc0HumJvil4G9aPxO_gFJz-7M5I0Lr4R13d0U5IYjvNKuilInsyw6bqWFGIVAwo4h4YUkHw,Passenger and Cargo Ships,
7,Argentina,Buenos Aires,South America,48.4 million,,,Spanish,,Argentine peso,Recoleta Cemetery,https://encrypted-tbn2.gstatic.com/images?q=tbn:ANd9GcSC867IV8OyVEOmZ5-100-2WoKARwB6aOsf-wETuyg00KCtNC7OFRe9H6_u_aClNNsOPAOs3xWuF_4JzirP4xfUFg,Agricultural Product,
8,Armenia,Yerevan,Asia,3 million,,,Armenian,,Armenian dram,Geghard Monastery,https://encrypted-tbn1.gstatic.com/images?q=tbn:ANd9GcRy8TQJOTufI-yT2-xVX5Zsf3rqXN4ueU7jp8wkSKw9wRCQvlZ1u4JT_DduVnCpSLKMWiu82MtXxvjNy7aBYfRNKQ,Metals and Diamonds,
9,Australia,Canberra,Oceania,25.7 million,,,English; Mandarin; Arabic,,Australian dollar,Sydney Opera House,https://encrypted-tbn3.gstatic.com/images?q=tbn:ANd9GcQiiu170DCv3tduPFYLu8ks2kJ7mhzKSG6RR0qxsECT3K7dEgQ2zoyQVUrZIpKNfVv22kzs8Txr7twvdntOns7HvQ,Iron Ore,
10,Austria,Vienna,Europe,8.9 million,,,German,,Euro,The Hofburg,https://encrypted-tbn0.gstatic.com/images?q=tbn:ANd9GcSae17Dw__pcKk_TEjCw7fqoI1iQerorRV_KPAKalIPXu63SfQAQt7er5E3PtJ14KG7XVoUWW8jQfgP_KDPI0PI8Q,Automobile Components,
11,Azerbaijan,Baku,Asia; Europe,10.1 million,,,Azerbaijani,,Azerbaijani manat,Heydar Aliyev Centre,https://encrypted-tbn1.gstatic.com/images?q=tbn:ANd9GcQ_F8Rp_RPT-XIzioxXy2Gsk9l5xUH5Bvo8Uf0V-JrOONbWCZ94s14ROJH2kprhp7IBAH7hmZtwaZEMUyiVUKbgQg,Oil and Natural Gas,
12,The Bahamas,Nassau,North America,393248,,,English,,Bahamian dollar,Atlantis Bahamas,https://encrypted-tbn3.gstatic.com/images?q=tbn:ANd9GcTNXWnZ7YJNIQ_C_suzdHUum6cvlTnjEGZenPa2brQCBx6xDZmZgsHMfDazPsRuQZh11zLKlkVa3kHOSFQjSaJrVQ,"Fuel, boats, beverages",
13,Bahrain,Monama,Asia,1.7 million,,,Arabic; English,,Bahraini dinar,Amwaj Islands,https://encrypted-tbn3.gstatic.com/licensed-image?q=tbn:ANd9GcT-_UtPt2Jhn4zDUADcRXa8QT9ikDtRddDtrf3pNsHE9biNDYJkVwFinrCbNFRHGTg3wq6dNeFaYRGkF8FWD0kK6w,Refined Petroleum,
14,Bangladesh,Dhaka,Asia,164.7 million,,,Bengali,,Bangladeshi taka,Lalbagh Fort,https://encrypted-tbn2.gstatic.com/images?q=tbn:ANd9GcQ5DCCtj9OCHRfdHYvs6YysCW1piNIUYdYGdOyDsorE1eSguPr-vSsI_pLxrEqbkdLWZCEWj9F7dSGhJyXpIAForQ,Clothing and Accessories,
15,Barbados,Bridgetown,North America,287371,,,English,,Barbadian dollar,Harrison’s Cave Eco-Adventure Park,https://encrypted-tbn2.gstatic.com/images?q=tbn:ANd9GcSEKyRkmqBLjxSCkszFh3eEBLM3W87cHOj0eDkmAAhVhYgBHeFapwdHP8C3ipPv_hdE3_6F8fHkmtNqU2uOBYf9QA,Soap,
16,Belarus,Minsk,Europe,9.4 million,,,Russian; Belarusian,,Belarusian ruble,Mir Castle,https://encrypted-tbn1.gstatic.com/images?q=tbn:ANd9GcRA80BA8vxwo2Te05auI-mrf_50gXef0EIgWv1R8KwBMpqFEHmtEfDn7JCBKzpVIiK1Pm8HKC_ItUkb_vgHWqJxHg,Cheese and Curd,
17,Belgium,Brussels,Europe,11.6 million,,,French; Dutch; German,,Euro,Parc du Cinquantenaire,https://encrypted-tbn0.gstatic.com/images?q=tbn:ANd9GcSp7ZRTDq8OxEdPwhWsSN6gOq9RR2-Olb0BJjeXI8Q18pz4csf7jBgVhOAEAfWhkKT7AWY8rBnZBntZ6GQ627pMcA,Motor Vehicles,
18,Belize,Belmopan,North America,397621,,,English; Spanish; Belizean Creole,,Belize dollar,Xunantunich Mayan Ruins,https://encrypted-tbn1.gstatic.com/images?q=tbn:ANd9GcT8-b3ClSqqCYO0kjTI-qtG3pH6tmyjyKmdUdo2hMFeS9yFUuQLz4j3UHLUi5BT25iZ_9HWaeTGwmgtBy4VnMWemA,"Seafood, Sugar",
19,Benin,Porto-Novo,Africa,12.1 million,,,French,,West African CFA franc,Place des Martyrs,https://lh5.googleusercontent.com/p/AF1QipP5DWAdVEVXVAI0vghURYtMy5BBaj2F8iosOYL0=w928-h520-n-k-no,"Cotton, Cooking Oil",
20,Bhutan,Thimphu,Asia,771612,,,Bumthangkha,,Indian rupee,Paro Taktsang,https://encrypted-tbn3.gstatic.com/images?q=tbn:ANd9GcR8l9PWabZd113WBzng0zQTADc4GTShEsYb_a45YHT0YmBStEF_LHfeHzm82b77JrAnoaIwbwsWO86KGWQ_xzGiiw,"Electricity, Metals",
21,Bolivia,La Paz,South America,11.7 million,,,Spanish,,Bolivian Boliviano,Tiwanaku,https://encrypted-tbn0.gstatic.com/images?q=tbn:ANd9GcSunD6LrNmfoCcBxrWUR987cyWLSf-CX_FiLshphbSbRNVQT9GiNQTyDzN-lnyVnVEjD2eX8aAp2fNQmPHYV94C-g,Natural Gas,
22,Bosnia and Herzegovina,Sarajevo,Europe,3.3 million,,,Bosnian; Serbian; Croatian,,Bosnia and Herzegovina convertible mark,Mostar Old Bridge,https://encrypted-tbn2.gstatic.com/images?q=tbn:ANd9GcSMYtiIB1BHlg0p2P6pl545KCSC8OSmWnT_vQmxJJP3NbJDdYZTpN9qUUkj_gYwy11AjkSNM12npR56P6Ovru5ciQ,"Machinery, Transport Equipment",
23,Botswana,Gaberone,Africa,2.4 million,,,English; Setswana,,Botswana pula,Xugana Lagoon,https://encrypted-tbn1.gstatic.com/licensed-image?q=tbn:ANd9GcRvIDCijx3m1Mxykt17DSos3GQnIP-hdDTezQNh2Y8NuvY34ByO6TjhVVxGMW5aIMf8QRIDC4RWtfQdgsIoChsNxA,"Diamonds, Copper, Nickel",
24,Brazil,Brasilia,South America,212.6 million,,,Portuguese,,Brazilian real,Christ the Redeemer,https://encrypted-tbn3.gstatic.com/images?q=tbn:ANd9GcReVRum5LuG7vNt35Oi_zr0230Xiy7a0rodnbTr1THE3nM2yyyrDQSL7hV0V4U2QbELjsbw-SuSSU85EBvvNEZSmw,"Coffee, Soybean Products, Sugar",
25,Brunei,Bandar Seri Begwagon,Asia,437483,,,Brunei Malay,,Brunei dollar,Omar Ali Saifuddien Mosque,https://encrypted-tbn1.gstatic.com/images?q=tbn:ANd9GcSpo6hvBA1dwFaA_mUXrCRUPuyBJjkvOyqwEOgpgfFwDQCZhP7RST3s3nemMnJjo_L1tX-h9odt-lrmdveRxwARHQ,"Crude Oil, Gas",
26,Bulgaria,Sofia,Europe,6.9 million,,,Bulgarian,,Bulgarian lev,The Monastery of Saint Ivan of Rila,https://encrypted-tbn2.gstatic.com/images?q=tbn:ANd9GcSE5oH7sIo-1wnI4hIlFhhSPAaulkUrpM1CKpdYlS8hcwA5FdkHC2-oGHhUP_eVV_2fy_aqqUdfHDOqRa8ncinzOg,"Fuels, Manufactured Goods (Clothing, Footwear)",
27,Burkina Faso,Ouagadougoo,Africa,20.9 million,,,Mossi Language; Dyula; Fulfude,,West African CFA franc,Domes de Fabedougou,https://encrypted-tbn2.gstatic.com/licensed-image?q=tbn:ANd9GcSWIWRR9b0l0NKuLTbyL86GzUXmtBw0bduXwAgf8Yvxh5ld6TDHQX2x_uiPTf6h3IOJfTfArYVzYf_wJXNh9XnBkQ,"Gold, Cotton",
28,Burundi,Bujumbura,Africa,11.89 million,,,Rundi; French; Swahili,,Burundian franc,Rusizi National Park,https://encrypted-tbn2.gstatic.com/licensed-image?q=tbn:ANd9GcS4wKuRGhZBMLORQf7s7Gt8XhJhPyuS7Fm5YOg4MV6yCL009aVx7lFeoDUqJ_RFN3Nq71usQdIRx3ikqnbomZfTGQ,"Coffee, Tea, Cotton",
29,Cape Verde,Braia,Africa,555988,,,Portuguese Creole,,Cape Verdean Escudo,Chaves Beach,https://encrypted-tbn0.gstatic.com/licensed-image?q=tbn:ANd9GcSzi99r-Zb6xtWSIckn8s2QjiyJUnpd0si7rbjPRj_psqkvN4HvOrVx86cWzsOsBSOkFg4xsI3sZyUJuUFAg0m6Zg,"Fish, Clothing",
30,Cambodia,Phnom Penh,Asia,16.7 million,,,Khmer (Cambodian),,Cambodia riel,Bayon Temple,https://encrypted-tbn3.gstatic.com/images?q=tbn:ANd9GcQX2-SrwC3YhpAG6m2dJBEgSdvGDjKDri9Bx1MmfwQfN5Px5EtMP9C_OdXHSFhMm-72OYvgS83Rs0NGYNFf4AZ0_g,Textile Goods,
31,Cameroon,Yaounde,Africa,26.6 million,,,French; English,,West African CFA franc,Ancienne Residence du Chef de Circonscription,https://lh5.googleusercontent.com/p/AF1QipN5L51dwpQUFPXYwXWXAC4nfiCZljG67IyReSOs=w928-h520-n-k-no,"Crude Petroleum, Cocoa Beans",
32,Canada,Ottawa,North America,38 million,,,English; French; Canadian,,Canadian dollar,Fairmont Banff Springs,https://encrypted-tbn0.gstatic.com/licensed-image?q=tbn:ANd9GcTaILlbOJvgQrkLSx-9Jgzo_qORrrqKP3g4UitBIFLjqriMEnf6IMei3Q83nLa6joQNetlQcejCP-MNfsht-rQckA,"Crude Oil, Cars, Gold",
33,Central African Republic,Bangui,Africa,4.8 million,,,French; Sango,,Central African CFA franc,Notre-Dame of Bangui Cathedral ,https://encrypted-tbn0.gstatic.com/licensed-image?q=tbn:ANd9GcQjvr0GsaDGCGJi6VMmXhFGShFR0w-0rGcCz690CUjSBRzrTrbBno5Wab9oUZt5Ygw-xBSjwakMgxhQ4fsqd9T8cw,"Timber, Diamonds, Cotton, Coffee",
34,Chad,N’Djamena,Africa,16.4 million,,,French; Modern Standard Arabic,,Central African CFA franc,Emi Koussi,https://encrypted-tbn3.gstatic.com/licensed-image?q=tbn:ANd9GcQjV_XeZxsUv0xTQNxdLEaOViVbshIPFvzScqPH66bhJWLpMwVhqh_6AxJKURWibCOdq04T9f7MW-QdWmUqe80GVg,"Gold, Cattle, Cotton",
35,Chile,Santiago,South America,19.1 million,,,Spanish,,Chilean peso,Marble Caves,https://encrypted-tbn0.gstatic.com/licensed-image?q=tbn:ANd9GcQw9uwtbRqRLCVOSUYcJxyPuY8tF6VKl1SI61hKpC8v7oXBPil8f59RhIMGxGhJCb3VGOypXfZ-LUnE8kg0Qd6QBw,Copper Ores,
36,China,Beijing,Asia,1.4 billion,,,Chinese,,Renminbe,Forbidden City,https://encrypted-tbn3.gstatic.com/images?q=tbn:ANd9GcQ76QydxgJrHo9znbes1eD0_tzcj1-3vtiwJj26c0SsCY57B9FRAnBqlszMAOjJEDOXgXXVD73njn_byepQTziLlA,"Technology, Clothing, Medical Equipment",
37,Colombia,Bogota,South America,50.9 million,,,Spanish,,Colombian peso,Rosario Islands,https://encrypted-tbn0.gstatic.com/images?q=tbn:ANd9GcSXGEwI3zFFYle6yHIlyy8ID9NeQpIhsANXgBvSoE5PQi12f69dGukjQq7wk2joTMwdgNzDA5pXITWSvXWLJtvFiA,Petroleum Oils,
38,Comoros,Moroni,Africa,869595,,,Comorian,,Comorian franc,Plage de Moya,https://encrypted-tbn2.gstatic.com/licensed-image?q=tbn:ANd9GcSI5vHkX5plgHFB70Xw1fgSSUHDrncBNGXWTBohYykEmHegiZPjvJyDgouStcEsrDPY3aj6NcW42zgDEB9FrtKqig,"Cloves, Canoes, Rowing Boats",
39,Democratic Republic of the Congo,Kinshasa,Africa,89.6 million,,,French; Kituba; Lingala; Swahili; Tshiluba,,Congolese franc,Salonga National Park,https://encrypted-tbn1.gstatic.com/licensed-image?q=tbn:ANd9GcTWuKIEeewzftlmIOvNYM4SCVSHrqW-DE9LNQAd8_ZvZvAvSQgrTLQzUCtanU6L8MJFCce8leFW03rEwZp-kJDgnA,"Copper, Cobalt, Hydroxides",
40,Congo,Brazzaville,Africa,5.5 million,,,French; Kituba; Lingala; Swahili; Tshiluba,,Congolese franc,Kimbakala,https://lh5.googleusercontent.com/p/AF1QipMZj6GRDcNk1xMdvrFBtW7Cai-IK8xFgmcKBvKW=w928-h520-n-k-no,"Petroleum, Wood",
41,Costa Rica,San Jose,North America,5.1 million,,,Spanish,,Costa Rican Colón,Samara Beach,https://encrypted-tbn1.gstatic.com/licensed-image?q=tbn:ANd9GcStFj3pIre7WomvLKMnM9xASVvlwNnpZd9E7DQ__h0cE74rlMwzNV3eFipBSZJ4_ah23xF9TI9W3xR2Wn4rxfr72Q,"Electronic Components, Medical Equipment, Pineapples",
42,Cote d’ivoire,Yamoussoukro,Africa,26.4 million,,,French,,West African CFA franc,The Basilica of Our Lady of Peace,https://encrypted-tbn1.gstatic.com/licensed-image?q=tbn:ANd9GcSVFIWBiMZQr_TnHAss1jhEu0y5eWtDzZ5jU5qJgZgte5s48qzBd79G6M5HiS8lVNNddZwzpOfSy0zp_w2M43mZKg,"Cocoa Beans, Cashew Nuts, Oil",
43,Croatia,Zagreb,Europe,4 million,,,Standard Croatian,,Croatian kuna,Diocletian’s Palace,https://encrypted-tbn0.gstatic.com/images?q=tbn:ANd9GcR9Un4yevTifvp0XMoTvza-grEHQsatur5vJysO0jlhlPqaVPVc4NTt1MCwqbcn47uOnGo6QQOKMzOE4w,"Mineral Fuels, Electric Machinery, Wood",
44,Cuba,Havana,North America,11.3 million,,,Cuban Spanish; Haitian Creole,,Cuban peso,National Capitol Building,https://encrypted-tbn2.gstatic.com/images?q=tbn:ANd9GcRfF9ZSY2AH3GXD9huX3VyLPewd3h_ckowk-DPMFOO1cND-V6j3rogSz2NmYT5ecGIrVDPqW_cwZsV0MLV7kQQTmA,"Refined Fuels, Sugar, Nickel",
45,Cyprus,Nicosia,Europe,1.2 million,,,Greek; Turkish,,Euro,Church of Saint Lazarus,https://encrypted-tbn3.gstatic.com/images?q=tbn:ANd9GcSuhasn_An18zJncud2EoCwmGyZBEOeaveQabdMbL1XW1ot_98drCHCZvL02Ot9ypwGeX5xRIbnU1xGhshEUmwBIA,"Citrus Fruit, Cement, Potatoes",
46,Czech Republic,Prague,Europe,10.7 million,,,Czech,,Czech koruna,Prague Castle,https://encrypted-tbn0.gstatic.com/images?q=tbn:ANd9GcSwbgHgsapbLLruGOIoZir-w1LE3A5AC6svOp4RpvO0Qa3XCpg4MTGCIrV72zIuFyEDxHhw4OJF8UnfCRe2C8jHsw,"Automobiles, Technology",
47,Denmark,Copenhagen,Europe,5.8 million,,,Danish,,Danish krone,Tivoli Gardens,https://encrypted-tbn1.gstatic.com/images?q=tbn:ANd9GcSeyYXNM1Sl0m90u7mYT0USjrT__7S87AdhxKuCpXYAA1mXN_KC53DSE9y-FhUlfoi_LyvBZxytdz7rbuPmPz2RIA,"Machinery, Instruments, Food Products",
48,Djibouti,Djibouti,Africa,988002,,,Afar; Arabic; Somali; French,,Djiboutian franc,Maskali Island,https://encrypted-tbn0.gstatic.com/licensed-image?q=tbn:ANd9GcTYgGc3kXVUcUqDLk2iGS9Tz1ZDzRlTuqXCIjYOJG6M2IhvtycMSwh6YZ2rlZUASnC8ral9gROfjGjPhAgQWJ2nNQ,"Coffee, Salt, Agricultural Products",
49,Dominica,Roseau,North America,71991,,,English,,Eastern Caribbean Dollar,Emerald Pool,https://encrypted-tbn3.gstatic.com/licensed-image?q=tbn:ANd9GcSSmlJA2BV63CPdNNO_fmZb9DPuAVjnzHtYB0ABL9kXmIZ91ts5tc_rIcyOvGYHw9gQnLLfM35MGKzlSKclV0wW1w,"Petroleum Gases, Medical Equipment",
50,Dominican Republic,Santo Domingo,North America,10.9 million,,,Dominican Spanish,,Dominican peso,Altos de Chavón,https://encrypted-tbn1.gstatic.com/images?q=tbn:ANd9GcSC1xkaGAU_gj1AjCJN-DObBKz-oG44JSW0on_BmeMZUPAG5r7bdlx2Uh9DE_ymPq5vltc4sdyzC2pA-TAhgGYOsg,"Plastic, Electrical Equipment, Bananas, Jewelry",
51,Ecuador,Quito,South America,17.6 million,,,Spanish,,United States dollar,Bartolomé Island,https://encrypted-tbn1.gstatic.com/licensed-image?q=tbn:ANd9GcTIh2ATq1n2wEvWbYRuF-oDXtnWzksCMswRTdNUWWcWIM9a0FEP1RzmfWrnWJX5Hvs4SNiFa8pFJqYY3qeACre34Q,"Crude Oil, Shrimp, Bananas, Coffee",
52,Egypt,Cairo,Africa; Asia,102.3 million,,,Arabic,,Egyptian pound,Valley of the Kings,https://encrypted-tbn1.gstatic.com/images?q=tbn:ANd9GcRFv-zy107gZjicdJ1bmXEeDpGTUAiDGFMDtRnw62yG8blU68K72VK3pzHO-8bS0LR_FAa416vSJKH2BfIcDBs6Qg,"Petroleum, Cotton",
53,El Salvador,San Salvador,North America,6.5 million,,,Spanish,,United States dollar,El Rosario Church,https://encrypted-tbn3.gstatic.com/licensed-image?q=tbn:ANd9GcRml3GkFHUZ082_CmnWC-kmfuBwkZXt8vW2cn3Q2LkUKimIlsZVQO5wqkRi4i80MKJWqA2_4aPKCPNeWGaWTzUvzw,"Textiles, Rubber, Plastics",
54,Equatorial Guinea,Malabo,Africa,1.4 million,,,Spanish; French; Portuguese,,Central African CFA franc,Malabo National Park,https://lh5.googleusercontent.com/p/AF1QipOrQ91x_d84mCDKOeZxqL_opDZgJ5mIZKIGXrty=w928-h520-n-k-no,"Oil, Cocoa, Fish",
55,Eritrea,Asmara,Africa,6.1 million,,,Tigrinya; Tigre; Kunama; Bilen; Nara; Saho; Afar; Beja,,Eritrean Nakfa,Debre Bizen Monastery,https://encrypted-tbn3.gstatic.com/licensed-image?q=tbn:ANd9GcQZ5CBimKXH8D7nDyhhrJv0unhkVdr0H3EdDKuI9-JsECi6-W8tJcN10Nda1dKDt7v-VUuVQwT-YQtNwdkcX0UZFA,"Livestock, Textiles, Food",
56,Estonia,Tallin,Europe,1.3 million,,,English; Finnish; Russian,,Euro,Alexander Nevsky Cathedral,https://encrypted-tbn1.gstatic.com/images?q=tbn:ANd9GcSEJXreXguNmreLTYLFm1NtJvHscY6i-7rBnQiVzfiw72snYYBcvcE0eU0xPCHoxmoJD5jCjd7rFXzxKFiWN8_G-Q,"Machinery, Metals, Timber",
57,Ethiopia,Addis Ababa,Africa,115 million,,,Oromo; Ahmaric,,Ethiopian birr,Blue Nile Falls,https://encrypted-tbn0.gstatic.com/licensed-image?q=tbn:ANd9GcSm2FWYtFgFT0l2MmZq91erXZT0qjImzYiFj7xvDjSzYhFJAAXBg_IikhibpkxOZbzmKyEK0iw6TrHKOk7GPqhf5A,"Coffee, Oil, Gold",
58,Fiji,Suva,Oceania,896444,,,English; Fijian; Hindi,,Fijian dollar,Natadola Beach,https://encrypted-tbn2.gstatic.com/licensed-image?q=tbn:ANd9GcRk_IEuLM4w-YKVxpqA23qg57QYB08HPusyfwz3jIdPQPlC5mUgiXDQc24eCz8PtH7Lsziy80BAb8iBfDSM8CNI_w,"Petroleum, Sugar, Fish, Clothing",
59,Finland,Helsinki,Europe,5.5 million,,,Finnish; Swedish,,Euro,Helsinki Cathedral,https://encrypted-tbn1.gstatic.com/images?q=tbn:ANd9GcR250pTgARdjx5laWZmy47g9jGhxS1asqKfI99pn9vJnpcF0aWKo8KOUHqSpN9Mv2ddmlHz5Bdwe-0tJTzlEHfqQA,"Transportation, Machinery, Chemicals",
60,France,Paris,Europe,67.4 million,,,French,,Euro,Eiffel Tower,https://encrypted-tbn3.gstatic.com/images?q=tbn:ANd9GcQOI7WtUp0VV1K9yfWW4BHYzCBNWq8qLq9Cg3LoXFL5A_pimgwfu4NvBBRjVtgJqrp8ak99TvjU2fNw2bOmSVKdqA,"Electric Components, Food, Pharmaceutical Products",
61,Gabon,Libreville,Africa,2.2 million,,,Fang; Mbere; Sira,,Central African CFA franc,Lopé National Park,https://encrypted-tbn1.gstatic.com/licensed-image?q=tbn:ANd9GcQcWXhjjMgJz3N_47itzFuQ5yGaxCDMKouzL6EGW1DSfsoF4t6r8eB2GzUQ8a4yK7kkgHDLIOX2xw_ckEAHa2rgfw,"Gold, Oil, Coffee",
62,Gambia,Banjul,Africa,2.4 million,,,English; Pulaar; Serer; Diola; Soninke,,Gambian dalasi,Kunta Kinteh Island,https://encrypted-tbn2.gstatic.com/licensed-image?q=tbn:ANd9GcTEZvHa4B7IB0qyLuGhl_ta8VHnAi7rTC7_-Yb00Uk30iVjwjNIDrBcejj3ULwCw-aJoTymDUzNB1Z2PsW02qVnjw,"Peanuts, Fish, Cotton",
63,Georgia,Tbilisi,Europe; Asia,3.7 million,,,Georgian; English; Russian; Assyrian; Svan; Urum,,Georgian lari,Narikala Fortress,https://encrypted-tbn3.gstatic.com/images?q=tbn:ANd9GcQl9lSu5YeIQVDGUKjnLqLI_gLo5iL2-RB1nYLnfMhh1nsmvO90JQY687EQ831-pIxnYv-nv0phCKjNker1gYwYEw,"Metals, Wine, Mineral Water",
64,Germany,Berlin,Europe,83.2 million,,,German,,Euro,Neuschwanstein Castle,https://encrypted-tbn2.gstatic.com/images?q=tbn:ANd9GcSc98rBQwKPa323E0ZAd0r2hP2KlgjVoq5P0Y-KzCIPgO_Ett2MlVNlvO0UHb7M47iaDfP5DkB2QaolgJf30ZiDWA,"Vehicles, Oil",
65,Ghana,Accra,Africa,31.1 million,,,Akan,,Ghanian cedi,Cape Coast Castle,https://encrypted-tbn3.gstatic.com/images?q=tbn:ANd9GcQcAhcRzMyIFf-xZ-MwDRAlncGfh4mBAugFyUHr817-mV1Kk33uQbW5Zwp7dU8k8LpBDGAAeQtB8XdMIebj2R1K8Q,"Gold, Cocoa Beas, Timber Products",
66,Greece,Athens,Europe,10.7 million,,,Greek,,Euro,Acropolis of Athens,https://encrypted-tbn1.gstatic.com/images?q=tbn:ANd9GcQd1FkCNxyln6BZuwQqBNdSUJJ4oHSTWMObleAp00ptcb2xAIrFputUsffXu8TrCpN0EbpCGPyKHtcdD7Id_OPr9g,"Petroleum, Aluminium, Fruits, Vegetables",
67,Grenada,Saint George’s,North America,112519,,,English; Grenadian English Creole; Grenadian French Creole,,Eastern Caribbean Dollar,Grand Anse Beach,https://encrypted-tbn2.gstatic.com/licensed-image?q=tbn:ANd9GcR1feZoFlqmsN85m83ZyMRtlJ_6FvHHDgl4CCwvsUq_935RS0xdlpZdDubxVUWMnLJ7jscDPDJhcR-s_AO92Xv37Q,"Nutmeg, Mace",
68,Guatemala,Guatemala City,North America,16.9 million,,,Spanish,,Guatemalan quetzal,Tikal,https://encrypted-tbn3.gstatic.com/images?q=tbn:ANd9GcSenV2vdX12hEpwVVS7OpaueL4B5ZtMq566LFw12FxQQzSbOw6I5lQBNxJqkVBUEz-FFlv6ijvH5FwNhCEqyNRiYQ,"Coffee, Sugar, Bananas",
69,Guinea,Conakry,Africa,13.1 million,,,Pular; Maniska; Susu,,Guinean franc,Foot Djallon,https://encrypted-tbn0.gstatic.com/licensed-image?q=tbn:ANd9GcR8nvNEu8GB53v1Fj3nIQ8Kv41_9XJIgl-U6pKz2faS8Ia6LmZBT2AjEcEKZD7VD3X07viI9I2lZ0zFYyzCqY6NWg,"Iron, Gold, Diamonds, Coffee",
70,Guinea Bissau,Bissau,Africa,2 million,,,Portuguese,,West African CFA franc,Bubaque,https://encrypted-tbn2.gstatic.com/licensed-image?q=tbn:ANd9GcQFA7BTiRT1OM7BAtUcp4vJY7TyLbPrwLRSeqiJXGlyuiykyW1BVox9gwWxTaynmhCzLvLBz7rA7yT1rjMoBFRFbg,"Coconuts, Fish, Oil",
71,Guyana,Georgetown,Africa,786559,,,English; Guyanese Creole,,Guyanese dollar,Kaieteur Falls,https://encrypted-tbn3.gstatic.com/licensed-image?q=tbn:ANd9GcRrvFTQ4tB9S4zOzixbdohl2dxVvmJeJkB4RIWvSePXX7dIph1J5mGjV4bIr44NHXQ-l_07nIpJVpuJvGGk87ttWQ,"Sugar, Gold, Aluminium, Rice",
72,Haiti,Port-au-Prince,North America,11.4 million,,,Haitian Creole; French,,Haitian gourde,Citadelle Laferrièr,https://encrypted-tbn0.gstatic.com/licensed-image?q=tbn:ANd9GcT1hTj0maiYFoy393hB-U8_OIq_OEXu9veQYxTfboRKtcqSgxh4lPkz0Cp4xHxycpe0RYwylr1Piy5UbL4HkNpVrA,-,
73,Honduras,Tegucigalpa,North America,9.9 million,,,Spanish,,Honduran lempira,West Bay Beach,https://encrypted-tbn0.gstatic.com/licensed-image?q=tbn:ANd9GcQItD0l7yqH3a6glMIeujOXM8yFDgYsWJ8GgwCUuwazfan_VrlK3D0GC6zP0yaIwJm9IbbszKVul92tK2REf9agjA,-,
74,Hungary,Budapest,Europe,9.8 million,,,Hungarian English,,Hungarian forint,Hungarian Parliament Building,https://encrypted-tbn1.gstatic.com/images?q=tbn:ANd9GcRXfcc961m3nen1ScqPS686S1QlXkZYRxRJQNBwgs0ojZXCA0GL4zuydd2i63Pm8BHe7LTCLhT7wxLVS6D71ljglA,-,
75,Iceland,Reykjavik,Europe,366425,,,Icelandic,,Icelandic króna,Gullfoss Falls,https://encrypted-tbn1.gstatic.com/images?q=tbn:ANd9GcSYoIE9BvdP70iBvlFTOdfao81t3ogYlUD0_JVAidesiU0_1rcYggjehdeRfqnatmz_tPYmNmw90p2snIanZ2_AdA,-,
76,India,New Delhi,Asia,1.3 billion,,,Hindi; Bengali,,Indian rupee,Taj Mahal,https://encrypted-tbn0.gstatic.com/images?q=tbn:ANd9GcT6RhmFNH9M6rHDFvN4eHEpNTljTFLabuMNvp73WnQ2ejYWBd-P5MPFKU3iEQ4O-97slOyRV3JNS6P7lXAMUzJ4zw,- ,
77,Indonesia,Jakarta,Asia,273.5 million,,,Indonesian,,Indonesian rupiah,Gili Islands,https://encrypted-tbn2.gstatic.com/images?q=tbn:ANd9GcQ9767Z4IvPEkHuq49hg46wUjlgfPInpTR20ghQKHExeV4EtmZbM8SyFTO8cPtwFFI6WIfjLpNtuRuPDSCvizpn5Q,-,
78,Iran,Tehran,Asia,84 million,,,Persian; Azeri; Kurdish,,Iranian rial,Golestan Palace,https://encrypted-tbn0.gstatic.com/images?q=tbn:ANd9GcSEKfh2eF-6JVI8PJYXA8LJ2JnmAO-YiRhCrylGHyLxp4sIXMe_qK5M0ozdVh_m-NMhZJ4PkVCEdTIb3HJUsTxgqQ,-,
79,Iraq,Baghdad,Asia,40.2 million,,,Arabic,,Iraqi dinar,Ishtar Gate,https://encrypted-tbn2.gstatic.com/licensed-image?q=tbn:ANd9GcQJ2aHDwk2FQY5MsOo_XllNqldp6ugiVnc-4GqXExWhIPErEbJzS5qsJ3qARstJglwQjoqxlULU09wN9d6TUGRgGg,-,
80,Ireland,Dublin,Europe,5 million,,,Irish; English,,Euro,Dublin Castle,https://encrypted-tbn0.gstatic.com/images?q=tbn:ANd9GcQk3WqcduyL6KeyGaJLrubvNxplDBQ9whAolrUrPVwhv81LqcZl9JdUeYH2x65rJW83-wBhyw4zjQxRTVV_OMXROQ,-,
81,Isreal,Jerusalem Televiv,Asia,9.2 million,,,Hebrew,,Israeli new shekel,Masada National Park,https://encrypted-tbn1.gstatic.com/images?q=tbn:ANd9GcROp_t6vjUcluXZTLT7YN7mqyg8fXoQvHpS7VdCiXMqIRCiRA9OHJaBU4pDAkA9Duk9HyyQkltuS9Ad7rHTkJ9StA,- ,
82,Italy,Rome,Europe,59.6 million,,,Italian,,Euro,The Colosseum,https://encrypted-tbn2.gstatic.com/images?q=tbn:ANd9GcSzgyJvaOEbX8VJ6GiT4HtTwNeL34dZ1R31USHYVbSleHrifro9CAJzXjjV8jUKg_UoyqwuqOM0ESyZPm3-UL0BlA,-,
83,Jamaica,Kingston,North America,3 million,,,Jamaican; Patois; English,,Jamaican dollar,Rose Hall Great House,https://encrypted-tbn0.gstatic.com/images?q=tbn:ANd9GcRcfPsDYSFEoOowS7wMgciWqOLJKlpDQ4SlCzQAbZbfoSMwDto0Qtd5oBf76Ka6Y5PRmL5pUOoUK7KaCfjrvByJRw,-,
84,Japan,Tokyo,Asia,125.8 million,,,Japanese,,yen,Osaka Castle,https://encrypted-tbn3.gstatic.com/licensed-image?q=tbn:ANd9GcSUOaAxOx6tcrGj8Zd4VuyUr4XtS5oovfCEbJap0yT8YjniADcNSbjLcrRBHURRChRjlS06NFQ-cayqCNIfo9wauw,-,
85,Jordan,Amman,Asia,10.2 million,,,Arabic; English,,Jordanian dinar,Petra,https://encrypted-tbn1.gstatic.com/images?q=tbn:ANd9GcR8yPP2rgdbFvsUyZy1iw3N2xPZdDVkN6h_kMT9-bEPzQPU4PSws3DAtcGrKYD5x5rW0zfWZpQhfV4XRwbePG5QOw,-,
86,Kazakhistan,Nor-Sultan,Europe; Asia,18.8 million,,,Kazakh Language,,Kazakhstani tenge,Bayterek,https://encrypted-tbn1.gstatic.com/images?q=tbn:ANd9GcQRw0rJbKhdH4cMYb1-o9xM5Lsk0w_YbjOFCtrtcO78hZ0Z2Jlrm7TnBoU0GknNf0Gre2q4Aj4_pB1w2UWYeg7K_g,- ,
87,Kenya,Nairobi,Africa,53.8 million,,,English; Swahili,,Kenyan shilling,Mount Kenya,https://encrypted-tbn1.gstatic.com/licensed-image?q=tbn:ANd9GcSS6tme-8QTSY18BviF0mwMLNrGiedqzsBBwLJKwEzhhXc0cpNqbJZVNBtUiwCOr4Ym6vCsGmOcLyJzhPHUkYte3A,-,
88,Kiribati,Tarawa,Oceania,119446,,,English Gilbertese,,Australian dollar; Kiribati dollar,Betio Island,https://encrypted-tbn0.gstatic.com/licensed-image?q=tbn:ANd9GcSxgyFm9I1iyjnIqk0o5l4qJP3XuUSV1xizFlcxkGTjKL1LNRs-7p8-kYOfUjOa9VSwqLVs-sTwGXksJQTQGgoxpw,-,
89,Kosovo,Pristina,Europe,1.9 million,,,Albanian,,Euro,Gazivoda Lake,https://encrypted-tbn2.gstatic.com/licensed-image?q=tbn:ANd9GcS5bbYNNS6ZzEovL9P-HBqByKCyf9JgJ6BagNJe30DWLtQB-9kd4w0kvz-SnVNbbKW-4ESszWIZnycZIUNrNh3yaw,-,
90,Kuwait,Kuwait City,Asia,4.3 million,,,"Arabic, English",,Kuwaiti dinar,Kuwait Towers,https://encrypted-tbn2.gstatic.com/images?q=tbn:ANd9GcRq8VoMfcGnbd20KahuZqOecrwBnIyS2yBM1xHUICctzoG4Ny6u1jzS9zwWmzYgh-cuUqUKhST2G8juXrr9SL8uQw,-,
91,Kyrgyztan,Bishkek,Asia,6.6 million,,,Kyrgyz,,Kyrgyzstani som,Ala Too Square,https://encrypted-tbn3.gstatic.com/licensed-image?q=tbn:ANd9GcTxDQgm1eSNOKZMmvkPp6vEGvzZ98RmILdzBQP9eysz_VBM27-wUxPrQPEl-f4nJFMSBxFtKnIIusBeBGNovdCoDg,- ,
92,Laos,Vientianne,Asia,7.3 million,,,Lao,,Lao kip,Pha That Luang Vientiane,https://encrypted-tbn3.gstatic.com/images?q=tbn:ANd9GcQo-6Y7st0fv5HWuyAqPqPUZ0QL8m7KTo7vh3fGiudmAS5qdHfaOpXVUgNf0fmB7JRvl9jcP6fyFeP01VUAiZ5cpw,-,
93,Latvia,Riga,Europe,1.9 million,,,Latvian; Russian,,Euro,Riga Central Market,https://encrypted-tbn1.gstatic.com/licensed-image?q=tbn:ANd9GcRbFFoQOTXR6x5FOZUMogh86zHKDT7Nqm7Vf7jUrgsyA8qhrNu349QudcvWx9MavXnrE8JOqFK1ki7_ZLJ-34VN4A,-,
94,Lebanon,Beirut,Asia,6.8 million,,,Arabic; English; French,,Lebanese pound,National Museum of Beirut,https://encrypted-tbn0.gstatic.com/images?q=tbn:ANd9GcQYnL8nSFZMGl7V8QQGe-_dasX8jUMJNy8ZWo2ib6rh2zNKcPUiq_ITwEvQTbbuZyWwmrhYcvruBGG7fCMDDzwNnA,-,
95,Lesotho,Maseru,Africa,2.1 million,,,Sesotho; English,,Lesotho loti; South African rand,Kome Caves,https://lh5.googleusercontent.com/p/AF1QipMhNnL5-PxbqdHaKTMevXJ5d3UVrfzSUPQx_Ke2=w928-h520-n-k-no,-,
96,Liberia,Monrovia,Africa,5.1 million,,,English; about 20 more,,Liberian dollar,Balli Island,https://encrypted-tbn0.gstatic.com/licensed-image?q=tbn:ANd9GcTZgTAWGjZ1mQmc4vsPHyoeSEctrkdd2pDwd_cEVco7oFeVOfuZoRSoG_psEaSSG-pE_Asu3PeGGtX3GWZyqaITqw,- ,
97,Libya,Tripoli,Africa,6.9 million,,,Libyan; Arabic; Egyptian; Arabic; Tunisian; Arabic,,Libyan dollar,Tripoli Castle,https://encrypted-tbn3.gstatic.com/licensed-image?q=tbn:ANd9GcS67uslA7fR9DVgS-rA0UyTMQ3ux91B1lgSS4eRNbxL5dJTStNrKJ4gj3WvN4JZHkEKf18J2UqAU3oNGu67vE7T2w,-,
98,Liechtenstein,Vaduz,Europe,38137,,,German,,Swiss franc,Vaduz Castle,https://encrypted-tbn2.gstatic.com/images?q=tbn:ANd9GcRwTH3ZI-RcEx41aRtOM49bjONjzg4f15jA58ZHGHEAKyK4N6ZLN9bIOd6kzf2puDb-oSL7E7ykpIBo7xJkyjtrCw,-,
99,Lithuania,Vilnius,Europe,2.8 million,,,Lithuanian,,Euro,Vilnius Cathedral,https://encrypted-tbn1.gstatic.com/images?q=tbn:ANd9GcTsAABpT3trU6cl9xofY80zSxuvzS4VRPE36cxfW-vrPXMvYKWXgzxaICxLBIDNWJ1wViPplXm_gxaMMlFNAjiNpA,-,
100,Luxembourg,Luxembourg,Europe,632275,,,French; English; German; Luxembourgish,,Euro,Vianden Castle,https://encrypted-tbn3.gstatic.com/images?q=tbn:ANd9GcTEBp4h4ir-Hd55N00atxndAm6mWo9B94cC7Xm2noZBarpIzP0HbB20Zq3hjHG_BW4-pfOxcrIwy5t_yCYpe52HXw,-,
101,North Macedonia,Skopje,Europe,2.1 million,,,Macedonian; Albanian,,Macedonian dollar,Skopje Fortress,https://encrypted-tbn2.gstatic.com/licensed-image?q=tbn:ANd9GcS6OjTQx7AvQJZfZchN6krDt-5bFA7TqsaGiIIy4H9fj_kvG5r14Rnc3tqJp63OgIFuoae0L4ELq6HoOTzK3mqiLw,- ,
102,Madagascar,Antananarivo,Africa,27.7 million,,,Malagasy,,Malagasy Ariary,Rovan’ Ambohimanga,https://encrypted-tbn2.gstatic.com/licensed-image?q=tbn:ANd9GcTXOUrhWDj5RiD_cr4RCAgN_BQkjN4Jt5i8upHFt3YwKDxwgor9cPW8cGxe_zNpQZbfRAi7nftL19P38Snlc3_mHw,-,
103,Malawi,Lilongwe,Africa,19.1 million,,,English,,Malawian kwacha,Mumbo Island,https://encrypted-tbn3.gstatic.com/licensed-image?q=tbn:ANd9GcQ7EsuAqsHHsCKn2VlXkGjVCHlZgMrPvfYlmFGbQN1hFzWCgiwnqqj_AXWoZHLYiRQ-pVce8-CtePTaUdPnOz6NRQ,-,
104,Malaysia,Kuala Lumpur,Asia,32.4 million,,,Malay; English,,Malaysian ringgit,Petronas Twin Towers,https://encrypted-tbn1.gstatic.com/images?q=tbn:ANd9GcSMS0fvle2GB_m9Gx8pXHV47R9Pwtz1odfrYLqb9p5YexIQnuB5d2O2XQ1kXrBHGSuu88X7mDzhNaqw5luqUxoLkA,-,
105,Maldives,Male,Asia,540542,,,Dhivehi; English; Arabic,,United States dollar; Maldivian Rufiyaa,Meeru Island,https://encrypted-tbn2.gstatic.com/images?q=tbn:ANd9GcQogIVYLtXtiN7wh7FwPsPm80Btt-wenOeggn84abY6d141FUrJm4gDGbigxdxe00bQccajgvpe1Is4xA,-,
106,Mali,Bamako,Africa,20.3 million,,,French; Bambara,,West African CFA franc,Great Mosque of Djenne,https://encrypted-tbn2.gstatic.com/licensed-image?q=tbn:ANd9GcTz8w7ST5qZl4XjJ_v94sxuXNX6QENasIArCOqgxU51uA8LoI0tkhh-PRunG3t8FtsDqulxSNPQl1bLzv5ic4dBiw,- ,
107,Malta,Valleta,Europe,525285,,,Maltese; English,,Euro,St. John’s Co-Cathedral,https://encrypted-tbn3.gstatic.com/licensed-image?q=tbn:ANd9GcQubMW9JPsCfhkFpgQdE60PsYLEFGmu1s_W5mbO3A2dojwpDBkbBmRcFBFyBsyKKuL-vce6uTOkRg_R5pLHuLALkA,-,
108,Marshall Islands,Majuro,Oceania,59194,,,Marshallese; English,,United States dollar,Arno Atoll,https://encrypted-tbn3.gstatic.com/licensed-image?q=tbn:ANd9GcQWy0Ol2zVbn9YiGFzKotyliJ_EARL4Mma2D7tD32Wey48En9TTirQzjYodMyxjM7kPtS8Q1I7T3bykmfqdlH8T7w,-,
109,Mauritania,Nouakchott,Africa,4.65 million,,,Arabic; French,,Mauritanian outuiya,Richat Structure,https://encrypted-tbn0.gstatic.com/licensed-image?q=tbn:ANd9GcQSTv4WKbnnctgOnOmuB_LCLnbp3Dfle8hj03-Fwx6_S8bRUELo2J2cmWdYTYyp27Jhr0UOnZmdat9LCV7LP69ERA,-,
110,Mauritius,Port Louis,Africa,1.3 million,,,Mauritian Creole; English; French,,Mauritian rupee,Mont Choisy Beach,https://encrypted-tbn0.gstatic.com/images?q=tbn:ANd9GcQGPfCKfDpJI_cg0c0sennfJXI8QDhYvVufRJtoJc-uZD1iLqVIu4GcTiDtwUriU5IOKld8Rk82AEV28hnHjKzoXw,-,
111,Mexico,Mexico City,North America,128.9 million,,,Spanish,,Mexican peso,Chichén Itzá,https://encrypted-tbn0.gstatic.com/images?q=tbn:ANd9GcTeCBp6iym96T-ZwmXndfSrOFxpDUPSvn5rlZ_1jc84I5kK6ElcRQSnttCIKTEDD7RGtWEThIxWF_MopVqRD35k_A,- ,
112,Micronesia,Palikir,Oceania,115021,,,English,,United States Dollar,Nan Madol,https://encrypted-tbn2.gstatic.com/licensed-image?q=tbn:ANd9GcQnQngCugvn_4foGhAIP7vjqkCAOGRfYT1QkICqquUcNrTvGh4I7te8Cp8Ur5xsIw8vmxhdIRTGU3l8tWZFEyYvSw,-,
113,Moldova,Chisnau,Europe,2.6 million,,,Romanian,,Moldovan leu,Soroca Fortress,https://encrypted-tbn1.gstatic.com/licensed-image?q=tbn:ANd9GcQ-jPkIncX3ewmHiEuf1CTsI6DZDHOe_rEVFfzfY1xUd8jYT_-l1yJDO7fG2bnL5QLuMimhEeqwk3z_RbDu4HONKg,-,
114,Monaco,Monaco,Europe,39244,,,French,,Euro,Monte Carlo Casino,https://encrypted-tbn3.gstatic.com/images?q=tbn:ANd9GcRbliTW5tZzN5M4__-mxMLf00i7I6lrVEb8fLO6hoEQSxi7zDNUbqMaQmNkdyKaEebB2Bd-e-ZlzdyFATFirkSeSQ,-,
115,Mongolia,Ulaanbaatar,Asia,3.3 million,,,Mongolian,,Mongolian tögrög,Sukhbaatar Square,https://encrypted-tbn1.gstatic.com/licensed-image?q=tbn:ANd9GcQi5o-gmZzzpi9wp4_unpNqTvCLAhXWwt_2oKxMyhYXo0y6yrNkKesni3RVymTB8DygxfuDgbb2c22KtDWj1R1EpQ,-,
116,Montenegro,Podgorica,Europe,621718,,,Montenegrin,,Euro,Ostrog Monastery,https://encrypted-tbn2.gstatic.com/images?q=tbn:ANd9GcTL4bih4BKSR-hcsaAaJKXpFqZrCiclCuczs46IkWJ05YHgNyaB7NocBRsjMhT-O8xEoAGb8Dj0J59zFPZ7ZXd0bA,- ,
117,Morocco,Rabat,Africa,36.9 million,,,Classical Arabic; French,,Moroccan dirham,Bahia Palace,https://encrypted-tbn2.gstatic.com/images?q=tbn:ANd9GcRRWrIcDhk43kSsPOr6P97Uvweg4GRayBZdcFarlir4F9997Jd7K5lmDfWT3kqKwjGwP3_Ax2wsDSdy3nZjW1ARWg,-,
118,Mozambique,Maputo,Africa,31.3 million,,,Portuguese,,Mozambican metical,Barra Beach,https://encrypted-tbn1.gstatic.com/licensed-image?q=tbn:ANd9GcTo4GXh6sL1U6hsTtYTdvqV-s_S-n7kysU-A39JZUuuGIDTQh0oan9_013-9rxgZsc9nxmDKjtJg2Q2XIU78WHx1w,-,
119,Myanmar (Burma),Naypyidaw,Asia,54.4 million,,,Burmese,,Myanmar kyat,Shwedagon Pagoda,https://encrypted-tbn0.gstatic.com/images?q=tbn:ANd9GcQCu1Hc_mMdM7tQ2iotbeIoIRpmnoXqTQPuYhkSilI2mOvv9HGXqYpKysRei0gA_aRS9i_NX8i_-2uAoG34946lww,-,
120,Namibia,Windhoek,Africa,2.5 million,,,English,,Namibian dollar; South African rand,Spitzkoppe,https://encrypted-tbn1.gstatic.com/licensed-image?q=tbn:ANd9GcTU-9MuYfFEpCqEtJ_8PpMyv7xWU5oEgSBBJHO4EcE3RpToqPXISOrOrWL1t8PXE0FtQDkh8qLHhZkZWMb0ho-ThQ,-,
121,Nauru,Yaren District,Oceania,10834,,,Nauruan; English,,Australian dollar,Anibare Bay,https://encrypted-tbn1.gstatic.com/licensed-image?q=tbn:ANd9GcR6ljwa6gDIZzWNwE6pgg2hTDxSm1jSQLHEj8G4hFCDKYrT-HKP6DfhxYVvUdMcBJHgs7RZVT-wAUp7FN56V8dv-g,- ,
122,Nepal,Kathmandu,Asia,29.1 million,,,Nepali,,Nepalese rupee,Boudhanath Stupa,https://encrypted-tbn1.gstatic.com/images?q=tbn:ANd9GcTmnxYqcEwYHpEJLvUaZ6Qe7wyQ66HFc0f1dGsvWoA6kZlMNMO3vMiQQF7-fZANfAmQuJ4F8dNYf1CMLMv9f8GRIw,-,
123,Netherlands,Amsterdam,Europe,17.4 million,,,Dutch,,Euro,Rijksmuseum,https://encrypted-tbn1.gstatic.com/images?q=tbn:ANd9GcQ6YySecn9jrPK1eMzQ-M1Z5iM0hscV5C7GQ6Mp8RS5aCedw5PhXYoBoFJWmzevQXEfxTkDqwTrHoPEqEr_rjsRvg,-,
124,New Zealand,Wellington,Oceania,5.1 million,,,English; Māori,,New Zealand dollar,Abel Tasman National Park,https://encrypted-tbn2.gstatic.com/images?q=tbn:ANd9GcTI0jBr6gxIQtdBEG5_wqRDqCRavdfueTs95F0HyRM-9Y02H5KfYg66OsBViVutThlQrwcwmzalbIs7fDmEm4mcBQ,-,
125,Nicaragua,Managua,North America,6.6 million,,,Spanish,,Nicaraguan córdoba,Little Corn Island,https://encrypted-tbn2.gstatic.com/licensed-image?q=tbn:ANd9GcTgPWsbdaDkiyL88uZFEv59QGP2NQKtd0lMmlylnRoyu9gdYbwZyuXYgruYu36OL5Myp8_3EJ4t7AKvPi6_6AQ4MA,-,
126,Niger,Niamey,Africa,24.2 million,,,French,,West African CFA franc,Agadez Grand Mosque,https://encrypted-tbn0.gstatic.com/licensed-image?q=tbn:ANd9GcRTl566zSPdeynEWcG0WRdSCyrxTNfO5Wr1U1r5crE7dRWNg7JKiwFHMyD--_CQdl6BilFwjsObACM92_ibBka6AA,- ,
127,Nigeria,Abuja,Africa,206.1 million,,,English,,Nigerian naira,Tarkwa Bay Beach,https://encrypted-tbn1.gstatic.com/licensed-image?q=tbn:ANd9GcTCZ-1gWQGEfwTwAIdNG7F3S3s8u_aJmWQ8jzCn0Oefyh6obbH8jasTeg23Qs6osNMp5CEk7x8PAmEdm3PbDQvTrg,-,
128,North Korea,Pyongyang,Asia,25.8 million,,,Korean,,North Korean won,Juche Tower,https://encrypted-tbn1.gstatic.com/images?q=tbn:ANd9GcTF6pf90paJVXEinq3Fjzj7iFvFFnDhFcjvtS0PZVtfcr7xsRgaLhw8ck-txQrU-LHdCqexKskLNYfyIwRNDgFKbg,-,
129,Norway,Oslo,Europe,5.4 million,,,Norwegian,,Norwegian krone,Viking Ship Museum,https://encrypted-tbn0.gstatic.com/images?q=tbn:ANd9GcRBUF4tsmTvjgBZJEjJczpLbiVvtQM8HlOG2tp5NFeVoavwAAtxRDV7bsboq1Dnp6EVPvYprQx_QrGL1IwhpA5wkg,-,
130,Oman,Muscat,Asia,5.1 million,,,Arabic,,Omani rial,Nizwa Fort,https://encrypted-tbn1.gstatic.com/images?q=tbn:ANd9GcS1z9jomIlWIrRnNkibxEoXhOWCaWLMl_5VvU08MeRN3_1_w0L5a7x_ieWSo0SW75m344vxhJXUsSMnawp5VeKxAw,-,
131,Pakistan,Islamabad,Asia,220.9 million,,,Urdu,,Pakistani rupee,Lahore Fort,https://encrypted-tbn3.gstatic.com/images?q=tbn:ANd9GcRFQoYsBfgkMLqFSsQjXqlMEG6uw-QBskhPMw-j55nZtsGxLJPkaIWnEyGZG8GSfyZGkWfC66ssbHHypMw8FgCgMw,- ,
132,Palau,Ngerulmud,Oceania,18.092,,,Palauan; English,,United States dollar,Koro Island,https://encrypted-tbn1.gstatic.com/licensed-image?q=tbn:ANd9GcTyHv0Q_84S5nePlAQFz57Vbo-tZZ6aQ_Whugm3kuJKgHiiB-J7onXMoMQRSkzFmuiWxXxh-NrXg1iUMxVqMDouCQ,-,
133,Palestine,Jerusalem Ramallah,Asia,4.8 million,,,Arabic,,Israeli new shekel; Egyptian pound; Jordanian dinar; Palestine pound,Dead Sea,https://lh5.googleusercontent.com/p/AF1QipOzjS5496w2FqHJo1JZ2iGcYu9QfdhKaEijrJRZ=w408-h270-k-no,-,
134,Panama,Panama ,North America,4.3 million,,,Spanish,,Panamanian balboa,Panama Viejo,https://encrypted-tbn3.gstatic.com/images?q=tbn:ANd9GcQKDWMg6sGMX6tUN1m_SQ4-vavcMbQ786eIO6LdScb3lZqMySNZ34lkPGIM618Vk7mxbcZhNrBnJWOMagUCDl6dgw,-,
135,Papua New Guinea,Port Moresby,Oceania,8.9 million,,,Tok Pisin; English; Hiri Motu,,Papua New Guinean kina,Loloata Island,https://encrypted-tbn2.gstatic.com/images?q=tbn:ANd9GcSj77wirVsnJvEv2V2bAIPloo0V3XMM_zwy9pPxW-Op_3P8CpLqS0A3coA1alvagvlsPrj_Pdw_r7ssGw,-,
136,Paraguay,Asunción,South America,7.1 million,,,Spanish; Paraguayan Guaraní,,Paraguayan guaraní,National Pantheon of Heroes,https://encrypted-tbn0.gstatic.com/images?q=tbn:ANd9GcT4h8dj7q8Jt7q8Qtij5z2-pnpCkGNrR0qBSpN7rIxKFlA1GdT66wc3LlVYDHn-P5FI1qQTCuHAJ9NQyNvLeuvRrw,- ,
137,Peru,Lima,South America,33 million,,,Spanish,,Sol,Machu Picchu,https://encrypted-tbn0.gstatic.com/images?q=tbn:ANd9GcS7DSt1DHfurFgAkVkArVmxaeStfF9HL5LJ0HhrK25bCv-j5NYT7B0-2rShrae2fH4d574p-3dj6r_C08J6cQRVfA,-,
138,Philipines,Manila,Asia,109.6 million,,,Filipino; English,,Philippine peso,Chocolate Hills,https://encrypted-tbn2.gstatic.com/images?q=tbn:ANd9GcR_tVTe-Hyf6vr1HMcRDciCG09TPR3I78twIy4SVqcetlDEgshkWBDtrRzkFDrD3pCAayAuK2XuAoc9DB2_SMNmbg,-,
139,Poland,Warsaw,Europe,38 million,,,Polish,,Polish złoty,Wawel Royal Castle,https://encrypted-tbn0.gstatic.com/images?q=tbn:ANd9GcQ-vMim3Mg1H_011fGzqDb4UsIEbPAQSqh-qyX5er5_3bQRbG8_22wGPuSSZc6DUMn6bba1xdnp131p0z15JzPJrQ,-,
140,Portugal,Lisbon,Europe; Africa,10.3 million,,,Portuguese,,Euro,Park and National Palace of Pena,https://encrypted-tbn0.gstatic.com/images?q=tbn:ANd9GcRlt_QFDqMkeO41pbw0uGmM6Ssd7M6EZuOQ-I4p-heOu9v-kk4OhxCxj91V7fJKUtqEBSW87gCfieMWie3HC6VLRA,-,
141,Qatar,Doha,Asia,2.9 million,,,Arabic,,Qatari riyal,Museum of Islamic Art,https://encrypted-tbn3.gstatic.com/images?q=tbn:ANd9GcQauild8A_bUw3O1fSC2vO7Wjxr3R_sBoyTkJfg_9UVP2TP_95wO1R70r2LLgwmjtF_GvhsOhYZM5vGTQQVNBB-YA,- ,
142,Romania,Bucharest,Europe,19.3 million,,,Romanian,,Romanian leu,Bran Castle,https://encrypted-tbn2.gstatic.com/images?q=tbn:ANd9GcS59lzWOR5rvt-PioUVXNdz2kyty0-Zv24Djcy3MCENaIyM2bjC0Ceu1bkZXDpInZ4wHp7aHmyLQeCmWghrewoS-w,-,
143,Russia,Moscow,Europe; Asia,144.1 million,,,Russian,,Russian ruble,Red Square,https://encrypted-tbn3.gstatic.com/images?q=tbn:ANd9GcSM-dBZ-hcmrnifCUvM95w3tx4-IweSR9ntANxPLVIi7ar9G_lXqCWrBSsDDkn3CpSdHCtfH591-WxC9IEEKs4FxQ,-,
144,Rwanda,Kigali,Africa,13 million,,,English; French; Kinyarwanda,,Rwandan franc,Kigali Genocide Memorial,https://encrypted-tbn3.gstatic.com/licensed-image?q=tbn:ANd9GcSvBAbgACdgaQ_XtK_MnE7h45wRxV2OkiNTOz0_uGp4kXEgDPB9V55ZMsL9q-jL5LPgeAy92vb_myFAwLpcFsoD1w,-,
145,Saint Kitts and Nevis,Basseterre,North America,53192,,,English,,Eastern Caribbean dollar,Brimstone Hill Fortress National Park,https://encrypted-tbn1.gstatic.com/licensed-image?q=tbn:ANd9GcRb9Ir6Si1ooo0c4zqwMaf-4lkajqEEf09tKHdh1DSza3attbB9QXXCGIRpajsYPRmZTHXWrETIXGiiqY5Y_iaykQ,-,
146,Saint Lucia,Castries,North America,183629,,,English,,Eastern Caribbean dollar,Marigot Bay,https://encrypted-tbn2.gstatic.com/licensed-image?q=tbn:ANd9GcQFiFTffbIPbv3GOKUfefJ6Ye_v5Gy3e6COHzomRIGzl8-xo60JkUWA1u90jUY30tBOUveh2fGG0qEBuqTSn6602w,- ,
147,Saint Vincent and the Grenadines,Kingstown,North America,110947,,,English,,Eastern Caribbean dollar,Mustique,https://encrypted-tbn0.gstatic.com/licensed-image?q=tbn:ANd9GcQbKFlHYVJ2u6gFTuK2eN4LsqJEG5_tJ61VGAnw30s_LlVva2kqa3b0Dig3zCNpoH-RS4CO-9q2w5QmytHJ9pvqKQ,-,
148,Samoa,Apia,Oceania,198417,,,Samoan; English,,Samoan tālā,Lalomanu Beach,https://encrypted-tbn1.gstatic.com/licensed-image?q=tbn:ANd9GcRnh7E4lPdbYxquzLEHHePsoDcG_X82gRLs4WYlp99jBkLKdHWJVBYjgwh0rkv5OFe3b_E0DOur8BDx_jc7rFZ3nQ,-,
149,San Marino,San Marino,Europe,33938,,,Italian,,Euro,Guaita Tower,https://encrypted-tbn0.gstatic.com/images?q=tbn:ANd9GcR481k78nqoizJ7uAjtXla4hUB3njlsv8fk9LxUzvDzaxA2FFYyfB-LL0evU025ORw8VMoF5-XA9gwiDrCuFTQ6kw,-,
150,Sao Tome and Principe,Sao Tome,Africa,219161,,,Portuguese,,Sao Tome and Principe dobra,Rolas Island,https://encrypted-tbn3.gstatic.com/licensed-image?q=tbn:ANd9GcSk7ediD4l3l_C1DV430F2wNfj8YTv2grbNIEH298zreU68zV_K5OUFDhkcVcFMJgklXuUbm4L0dkGuExW7EtB1Ew,-,
151,Saudi Arabia,Riyadh,Asia,34.8 million,,,Arabic,,Saudi riyal,Kingdom Tower,https://encrypted-tbn3.gstatic.com/licensed-image?q=tbn:ANd9GcQThTIOLebcnhqKxQJkLfPPmYQs5Cic68HoCe25jueStSKKfST9OM222rr0Toj4qV8hftmLVr6SOLQO0oaehD9Ykw,- ,
152,Senegal,Dakar,Africa,16.7 million,,,French,,West African CFA franc,Lake Retba,https://encrypted-tbn0.gstatic.com/images?q=tbn:ANd9GcQgVoe0PADQ-ULQTH2dZVX4rnTOuDQi01W8VMQM7YHOFFHPlpnouRUhn993fL5-X2ugaKdj7n-3FRxOutlrTRFBOg,-,
153,Serbia,Belgrade,Europe,6.9 million,,,Serbian,,Serbian dinar,Saint Sava Temple,https://encrypted-tbn0.gstatic.com/images?q=tbn:ANd9GcS1oz51_bkt0aPjJfVnxZTsWjyXj7fYfFHPout4LsZxKt5w7KuoCj5ndXOVoaKjSYs-kvekP9C6FiAxvhsdao-A6g,-,
154,Seychelles,Victoria,Africa,98462,,,French; English; Seychellois Creole,,Seychellois rupee,La Digue,https://encrypted-tbn1.gstatic.com/images?q=tbn:ANd9GcRQSlmjqAlfN__sOe94uDhYAzBcK_S9QIqvvczhcttbwiDGAPi6Z751GW19QaQ29TprURwRDMZjV9KH8EfgUcgRjA,-,
155,Sierra Leone,Freetown,Africa,8 million,,,English,,Sierra Leonean Leone,Lakka Beach,https://encrypted-tbn2.gstatic.com/licensed-image?q=tbn:ANd9GcRmCldzCoqz1wfnZu4L4M2Jk7Rgwc03G0z3dF9jfS_fqAfgxMxyxICdHc0IegLoFnCrlyDfrGE1B30jwELqDNDljw,-,
156,Singapore,Singapore,Asia,5.7 million,,,English; Tamil; Malay; Mandarin Chinese,,Singapore dollar,Marina Bay Sands Singapore,https://encrypted-tbn3.gstatic.com/licensed-image?q=tbn:ANd9GcSSW2ZU1tGn2FH0oYv9yO7SNH69ld68DNtJmAm-y7e1fXM82mM5FCcYhLQpJy5S6EReMFgdGSKwRcwKA2nRuZEqYw,- ,
157,Slovakia,Bratislava,Europe,5.5 million,,,Slovak,,Euro,Bratislava Castle,https://encrypted-tbn2.gstatic.com/images?q=tbn:ANd9GcQdBXrjMdRnzJOlDeYOQX9Ubq0lXcWcrvokXqGnSaurvcUKMv_zh_ljHc_8VLfSKMKRt8wzK0WfnQpPPBHcFR85uQ,-,
158,Slovenia,Ljubliona,Europe,2.1 million,,,Slovenian,,Euro,Lake Bled ,https://encrypted-tbn1.gstatic.com/images?q=tbn:ANd9GcRwSv85Ux1X5uhDBG8EFtG7Q9X5Ejs9cXl7Zm1X4pe0vGXUvNr0zsarKj0NGSWRBD0BrnP_tE6CXYvzOJnzA1c8Bg,-,
159,Solomon Islands,Honiara,Oceania,686878,,,English,,Solomon Islands dollar,Marovo Lagoon,https://encrypted-tbn3.gstatic.com/licensed-image?q=tbn:ANd9GcQrhjmK-FYp7Qn6kzUktxqgLUndb6NbIE9yhvDhpDwvvWdnHcxJP6L61Ht-8JB52FO95_XY1xTLx_Y9HeAqEpmQeA,-,
160,Somalia,Mogadishu,Africa,15.9 million,,,Somali,,Somali shilling,The Tomb of the Unknown Soldier,https://lh5.googleusercontent.com/p/AF1QipPwBDIoETlKyl_4cH5vYX68qp-HG8coJ9QgWpGF=w928-h520-n-k-no,-,
161,South Africa,Pretoria; Cape Town; Bloemfontein,Africa,59.3 million,,,Afrikaans; English; Xhosa; Zulu; Southern Sotho; Venda; Tswana; Northern Sotho; Tsonga; Swati; Ndebele,,Rand,Kruger National Park,https://encrypted-tbn2.gstatic.com/images?q=tbn:ANd9GcQcHVb_qK1NyhHdNq1-Ujn-AwPvUMTvHJ51QvR3wiLPrg02cYYVse7PIoGkpspDrzEwL4C738uxpRgGapAp0Y07Bw,- ,
162,South Korea,Seoul,Asia,51.8 million,,,Korean,,South Korean won,Nami Island,https://encrypted-tbn1.gstatic.com/images?q=tbn:ANd9GcTRUncipDtCby_3POlOltZNQoAEV564sKlwioDap3x8_yXJdeotgoCSa7__lXGXXFaoJlW7k7_MTUYPUa96kk_vLw,-,
163,South Sudan,Juba,Africa,11.2 million,,,English,,South Sudanese pound,Boma National Park,https://encrypted-tbn2.gstatic.com/licensed-image?q=tbn:ANd9GcS-BsG17cOUMrg-Kk_2Tpyu83DOto-QHU36mvkykzijUC3Hsvk7xsWm-TIg6G9608WWb5b6nYdYok_sWAH1o5Efwg,-,
164,Spain,Madrid,Europe; Africa,47.4 million,,,Spanish,,Euro,La Sagrada Familia,https://encrypted-tbn3.gstatic.com/images?q=tbn:ANd9GcQlKkqJKZm0mFBTdK5AtHOHxqX6BViZJRW7gcIDTVZzL-9qpgYK1lp9CccC012AFd7KXUaHVgZNI_lud8UOXk6MAQ,-,
165,Sri Lanka,Sri Jayewardenepura kotte,Asia,21.9 million,,,Sinhala; Tamil,,Sri Lankan rupee,Sigiriya,https://encrypted-tbn0.gstatic.com/images?q=tbn:ANd9GcRla_r_H2_PYIvQxl3T3WphI5RwvqUHt6qp8mrSYgf7vvYvdHoyf6_T9gaDdwMjJk__GEHAdudoTuhUXEc6fjKNAw,-,
166,Sudan,Khartoum,Africa,43.9 million,,,Arabic; English,,Sudanese pound,Jebel Barkal,https://encrypted-tbn0.gstatic.com/licensed-image?q=tbn:ANd9GcT4DlzdqJxjLo7c8FE1Lb-8H23yMPskoS4V2ni8Qthl9BPnv8rWp3C60p2MOIF4H8Uh_MVGVwaVtizqwCT6e-rwzQ,- ,
167,Suriname,Paramaribo,South America,586634,,,Dutch,,Surinamese dollar,Fort Zeelandia,https://encrypted-tbn2.gstatic.com/licensed-image?q=tbn:ANd9GcTGzYq3R_4nGT6sFwxMWkxLgh9WBmhSm108Jao69a_neTrCfVsVB9lQ8jVwg4FTV4TWAyQkXh4xIMOqU35DBQKVYg,-,
168,Swaziland (Eswatini),Mbabane,Africa,1.2 million,,,Swati; English,,South African rand; Swazi lilangeni,Hlane National Park,https://encrypted-tbn2.gstatic.com/licensed-image?q=tbn:ANd9GcRUUqz4_AObB64Oq9GOI1WtT1QTe8hfSS1RV73hPdlVF0OZ_DMwkLKJqkjpiEpeRHObDvanaynn5TWlS-5-61x3QA,-,
169,Sweden,Stockholm,Europe,10.4 million,,,Swedish,,Swedish krona,The Royal Palace,https://encrypted-tbn0.gstatic.com/images?q=tbn:ANd9GcQXiPQ2vVRy1cOitlBOL5IjxStf7359TQT3-EuummkZrFpEIyf4gIMdjOnZYeF80_xTdJKylEJV8pqpsq5SsIyjKQ,-,
170,Switzerland,Bern,Europe,8.6 million,,,German; French; Italian; Romansh,,Swiss franc,Chillon Castle,https://encrypted-tbn2.gstatic.com/images?q=tbn:ANd9GcS6Fvv5l1_a7Y87gDIy8hJJqbSzvCFpgvoh2EVcpaBRNUZy8Mx9QsaL1FnlGELoxCNoFyqv03WqJ5rtpMJflgIBjw,-,
171,Syria,Damascus,Asia,17.5 million,,,Arabic,,Syrian pound,Temple of Bel,https://encrypted-tbn3.gstatic.com/licensed-image?q=tbn:ANd9GcQQXS8i0HYV9_AkIE6V0ZMln6IyXz2qlFel9mbXT5-tWzdsPUI4mfvjsnIDRYHW2QwY-5lm0x7LrGipIsvx9TnJRw,- ,
172,Taiwan,Taipei,Asia,23.6 million,,,Mandarin Chinese,,New Taiwan dollar,National Palace Museum,https://encrypted-tbn1.gstatic.com/images?q=tbn:ANd9GcQL8by9LM3LOGSvfm97GQ5UJQpm5ejx4ArmL0roPZleXPT7BteLPCkhs5QoIYGdjMlmdO21GfaVmzeyz8uiYQAZwA,-,
173,Tajikistan,Dushanbe,Asia,9.5 million,,,Tajiki,,Tajikistani somoni,Lenin Peak,https://encrypted-tbn0.gstatic.com/licensed-image?q=tbn:ANd9GcRVuWhw954SdliaFgx4KXzX6R2RmtXjybI0MlKJjdZYrmbMIWasGUzWDsDFBICPbgcHmd6eSBP4eqLP7WFwe1MRFw,-,
174,Tanzania,Dodoma,Africa,59.7 million,,,Swahili; English,,Tanzanian shilling,Lake Manyara National Park,https://encrypted-tbn2.gstatic.com/licensed-image?q=tbn:ANd9GcS83pEG4UkJbvGznOuai31IJ_i_ZG57AD69MSF3RYXXq-zj2O6t1vq7X7u5AZQt2Ivo4WKPQZglaSahjm46ZJ74CQ,-,
175,Thailand,Bangkok,Asia,69.8 million,,,Thai,,Thai baht,The Royal Grand Palace,https://encrypted-tbn0.gstatic.com/images?q=tbn:ANd9GcSwdMv9nAWUb-AyCyOvJo5-UUgCUZ2nLRh4pduIPQMK_Ncl-vix9h44P9VXIInxmlpyq0wp7kHq5kfhT2eFNXrAfg,-,
176,Timor-Leste,Dili,Asia,1.3 million,,,Portuguese; Tetun,,United States dollar,Jaco Island,https://encrypted-tbn2.gstatic.com/licensed-image?q=tbn:ANd9GcSwkePIqMpkkLM_S7EMc8zIR1WldZvcY0RwYDpdbCHscZ-6TFFhRFs-wTd9VEb9fJO7F4twfiAykfnpF0UVx8YnbA,- ,
177,Togo,Lome,Africa,8.3 million,,,French,,West African CFA franc,Mount Agou,https://encrypted-tbn2.gstatic.com/images?q=tbn:ANd9GcQoT5mz3fMTC2vRUqHDSF6FZ-20rclGoRkeWoiXeiAMsis7vPzPWb8oqha6KyRMvSDOm89YFSJFXOdo-w,-,
178,Tonga,Nuka alofa,Oceania,105697,,,Tongan; English,,Tongan pa’anga,Uoleva,https://encrypted-tbn1.gstatic.com/licensed-image?q=tbn:ANd9GcSfppkuKssMmK4pBP-Wcqppzwmay52kCDxeKbHaazqI9kXwnbwV5sRjfFZFe8ScOdxlQ2_RSEtRYyfca2GCrYAEdA,-,
179,Trinidad and Tobago,Port of Spain,South America,1.4 million,,,English,,Trinidad and Tobago dollar,Maracas Beach,https://encrypted-tbn1.gstatic.com/licensed-image?q=tbn:ANd9GcR5Vd187QLA_X5G31oV_XcFiGwKVhPCDHlEJxD5PT-7os7vGuxdgZkJk5epbLBJUWtgFJxVdy92jnz161h4tl1m-A,-,
180,Tunisia,Tunis,Africa,11.8 million,,,Arabic,,Tunisian dinar,Dougga,https://encrypted-tbn0.gstatic.com/licensed-image?q=tbn:ANd9GcTg750YcWf_t1UfHBByoy_17_5009VkhlcQixAbT73n3AxIFuwsgkHpu3ulAsKdIXo2Mk2LENISzGtMaiKqVGCLcA,-,
181,Turkey,Ankara,Europe; Asia,84.3 million,,,Turkish,,Turkish lira,Hagia Sophia,https://encrypted-tbn3.gstatic.com/images?q=tbn:ANd9GcTvxSuaqP1BpOktEugsq1gf--bPGT_TLSShhBrbT6-xCfnGe0keaNl5T6LIzolXvaaJY8W454YpzQeOBrNHD4gsFQ,- ,
182,Turkministan,Ashgabat,Asia,6 million,,,Turkmen,,Turkmenistani manat,Monument of Neutrality,https://encrypted-tbn2.gstatic.com/licensed-image?q=tbn:ANd9GcRyKOt_FSc7HUIZoQxO9cyJvFYzuXfp0ByfBGRit8VNTmb4Wk_o_TSrUL2CNVnfKp4SVIihReKkxMMpYXBd_O6aGQ,-,
183,Tuvalu,Funafuti,Oceania,11792,,,Tuvaluan; English,,Tuvaluan dollar; Australian dollar,Fongafale,https://encrypted-tbn2.gstatic.com/licensed-image?q=tbn:ANd9GcSF9kBHXcUYyMaQQGGB5eHjfduRturmohQaytwykxviFTTyK-T23M2NWn5khnkB4Nrfx_rjlnOZCaoRTttVSfVJuQ,-,
184,Uganda,Kampala,Africa,45.7 million,,,Swahili; English,,Ugandan shilling,Kasubi Royal Tombs,https://encrypted-tbn0.gstatic.com/licensed-image?q=tbn:ANd9GcS4XOcjUZn2dZst2rFvTnjWpbDg_fIHtIqFd1gdyJ237uJ41Nn1oGGtwWMLI17Yw6bilu_iNaFsJgMfbjXDftu-dQ,-,
185,Ukraine,Kyiv,Europe,44.1 million,,,Ukrainian,,Ukrainian hryvnia,St. Sophia’s Cathedral,https://encrypted-tbn0.gstatic.com/images?q=tbn:ANd9GcRZBlhlvo0FQnsd3Nob2YtZwup4XU1rMvOyQ2OcCR9twO5ChleIK5KyvdxPcyJ_TzqjAE_jMaky4kCPu9hyNcTGFg,-,
186,United Arab Emirates,Abu Dhabi,Asia,9.9 million,,,Arabic,,United Arab Emirates dirham,Burj Khalifa,https://encrypted-tbn0.gstatic.com/images?q=tbn:ANd9GcSLh5oY9lntpWezfkH6SA30aQBl5L5dU9oki361vwO2teZvSTuyJbbcfhL9g_ZBMU1Xj-boM_k_Kq26D_fIYjSQZg,- ,
187,United Kingdom,London,Europe,67.1 million,,,English,,Pound sterling,Tower of London,https://encrypted-tbn2.gstatic.com/images?q=tbn:ANd9GcQXHLqFKcCm1biW_tareTCox3idk9y1PqB8jH83xA4q6T9V7G9M4tpApFWop0JzgbFn5ZsyaZGuQC6L02o5stDrlw,-,
188,United States,Washington D.C.,North America,329.5 million,Canada Mexico,,English,,United States dollar,Niagara Falls,https://encrypted-tbn0.gstatic.com/licensed-image?q=tbn:ANd9GcTqosHfcD2IByUazmCGCVlPsLGJ__8hU1lLkTka7BZcgNiQT6Yun1IGcjpGDQHX8-BqJRp92hle2lofgd0TntCIcg,-,
189,Uruguay,Montevideo,South America,3.5 million,,,Spanish,,Uruguayan peso,Plaza Independecia,https://encrypted-tbn3.gstatic.com/images?q=tbn:ANd9GcQ_-xDQylGCPAknwbhk_dk_7ZbvzfCPpfGGSpa-9_NgVh91lEptvSVwUYTY7embRQOaNwSYkF2IsoRUG2id4LY4PQ,-,
190,Uzbekistan,Tashkent,Asia,34.2 million,,,Uzbek,,Uzbekistani so’m,Registan,https://encrypted-tbn2.gstatic.com/images?q=tbn:ANd9GcR_y6SViJxG4tEBxWrMBxpPcKz_OA8VskB8dzbSxJ9JLm7KDpknx-6GkBJclZn1W3Q974FC7MP11hG6P0ZW9t7b4Q,-,
191,Vanuatu,Port Villa,Oceania,307150,,,French; English; Bislama,,Vanuatu vatu,Millenium Cave,https://encrypted-tbn0.gstatic.com/licensed-image?q=tbn:ANd9GcSKromExWMWVqaLgzAuXjWSE7eloV4fX_AmmPv1lvwMwew-mdpFHwEL0swGaEL9NEw3dXr25SGD-6WljgrFmwPoEw,- ,
192,Vatican City,Vatican Ciy,Europe,801,,,Italian; Latin,,Euro,St. Peters Basilica,https://encrypted-tbn3.gstatic.com/images?q=tbn:ANd9GcSzBuI_oYCixnijiBE0GSwFp5gOSKkE1Vf9ajCyBfHJkWgNr8YkAsRT-38-BisPfMmMasw77wokMsN39aHTcbWHxQ,-,
193,Venezuela,Caracas,South America,28.4 million,,,Spanish,,Venezuelan bolívar,Angel Falls,https://encrypted-tbn1.gstatic.com/images?q=tbn:ANd9GcQCesLrnVW9mQ9oEYz75hH9EgTJshWnv4FbS8FeVbUKZwCe-EPuUG6c2RZGCuwzqFhdW7SEja9r7cuHjKXI2J0JNA,-,
194,Vietnam,Hanoi,Asia,97.3 million,,,Vietnamese,,Vietnamese dong,Independence Palace,https://encrypted-tbn2.gstatic.com/images?q=tbn:ANd9GcQgS6bMTcKLQ9i1W9bftevhdoghB1onM4FBJXl0gRgzJjuZKXnaB_jv_fdoVzd59x1fdI2TOl7vn7cMg-1ekwuIyA,-,
195,Yemen,Sanaa,Asia,29.8 million,,,Arabic,,The Yemeni rial,Stone House (Dar Alhajar),https://encrypted-tbn2.gstatic.com/licensed-image?q=tbn:ANd9GcRTqki4yq3bIcYLZcMq-IPbmYJT9a7vZgg-Lc6UhQ9gQ9jyUhsqFwwV2BtDZw7blBrrEhxi77YiLIW-_Is_-NVjmg,-,
196,Zambia,Lusaka,Africa,18.4 million,,,English,,Zambian kwacha,Victoria Falls,https://encrypted-tbn1.gstatic.com/images?q=tbn:ANd9GcRZOeCi8d0pWl1MYLey4Zh8eWXw7IiBKOFZQegTYJORuuIeDt8fE7KDARYxxbxK3-tCjmLkeaAenxvzxGNec2i3Uw,-,
197,Zimbabwe,Harare,Africa,14.9 million,,,Shona; English; Ndebele; Southern Sotho; Tshwa; Kalanga; Nambya,,Zimbabwe dollar,Khami Ruins,https://encrypted-tbn2.gstatic.com/licensed-image?q=tbn:ANd9GcSXBKsn9CdVprXFGN5yoHHldG7V52mVfSrwh8Wg48uOBwQ5VM4IwQAM8pxCe-IE83hPLKdndi0ycsEBdPTlcrZwug,-,
